date,day,pen,diet,feed_intake,dry_intake_old,dry_intake,cumul_feed,cumul_dry_old,cumul_dry
2023-01-03,0,2,TMR,115.6,46.09,45.43,115.6,46.09,45.43
2023-01-03,0,3,CTRL,51.76,46.08,44.62,51.76,46.08,44.62
2023-01-03,0,4,CTRL,52.56,46.8,45.31,52.56,46.8,45.31
2023-01-03,0,5,TMR,128.6,51.28,50.54,128.6,51.28,50.54
2023-01-04,1,2,TMR,111.65,44.52,43.88,227.25,90.61,89.31
2023-01-04,1,3,CTRL,51.3,45.67,44.22,103.06,91.75,88.84
2023-01-04,1,4,CTRL,53.8,47.9,46.38,106.36,94.7,91.69
2023-01-04,1,5,TMR,125.15,49.9,49.18,253.75,101.18,99.72
2023-01-05,2,2,TMR,67.9,27.07,26.68,295.15,117.68,115.99
2023-01-05,2,3,CTRL,57.85,51.5,49.87,160.91,143.25,138.71
2023-01-05,2,4,CTRL,59.15,52.66,50.99,165.51,147.36,142.68
2023-01-05,2,5,TMR,137.8,54.94,54.16,391.55,156.12,153.88
2023-01-06,3,2,TMR,119.25,47.54,46.87,414.4,165.22,162.86
2023-01-06,3,3,CTRL,60.25,53.64,51.94,221.16,196.89,190.65
2023-01-06,3,4,CTRL,58.85,52.4,50.73,224.36,199.76,193.41
2023-01-06,3,5,TMR,128.25,51.14,50.4,519.8,207.26,204.28
2023-01-07,4,2,TMR,102.4,40.82,40.24,516.8,206.04,203.1
2023-01-07,4,3,CTRL,58.38,51.97,50.32,279.54,248.86,240.97
2023-01-07,4,4,CTRL,57.98,51.62,49.98,282.34,251.38,243.39
2023-01-07,4,5,TMR,113.7,45.33,44.68,633.5,252.59,248.96
2023-01-08,5,2,TMR,104.6,41.7,41.11,621.4,247.74,244.21
2023-01-08,5,3,CTRL,55.75,49.64,48.06,335.29,298.5,289.03
2023-01-08,5,4,CTRL,61.95,55.16,53.4,344.29,306.54,296.79
2023-01-08,5,5,TMR,118.8,47.36,46.69,752.3,299.95,295.65
2023-01-09,6,2,TMR,104.7,41.74,41.15,726.1,289.48,285.36
2023-01-09,6,3,CTRL,58.65,52.22,50.56,393.94,350.72,339.59
2023-01-09,6,4,CTRL,56.25,50.08,48.49,400.54,356.62,345.28
2023-01-09,6,5,TMR,139.4,55.58,54.78,891.7,355.53,350.43
2023-01-10,7,2,TMR,113.4,45.22,44.57,839.5,334.7,329.93
2023-01-10,7,3,CTRL,50.4,44.87,43.44,444.34,395.59,383.03
2023-01-10,7,4,CTRL,55.8,49.68,48.1,456.34,406.3,393.38
2023-01-10,7,5,TMR,132.9,52.98,52.23,1024.6,408.51,402.66
2023-01-11,8,2,TMR,116.2,46.33,45.67,955.7,381.03,375.6
2023-01-11,8,3,CTRL,51.05,45.45,44.01,495.39,441.04,427.04
2023-01-11,8,4,CTRL,58.05,51.68,50.04,514.39,457.98,443.42
2023-01-11,8,5,TMR,126.1,50.28,49.56,1150.7,458.79,452.22
2023-01-12,9,2,TMR,119.8,47.76,47.08,1075.5,428.79,422.68
2023-01-12,9,3,CTRL,51.2,45.59,44.13,546.59,486.63,471.17
2023-01-12,9,4,CTRL,57.8,51.46,49.82,572.19,509.44,493.24
2023-01-12,9,5,TMR,134.4,53.58,52.82,1285.1,512.37,505.04
2023-01-13,10,2,TMR,105.85,42.2,41.6,1181.35,470.99,464.28
2023-01-13,10,3,CTRL,52.55,46.78,45.3,599.14,533.41,516.47
2023-01-13,10,4,CTRL,54.55,48.56,47.02,626.74,558.0,540.26
2023-01-13,10,5,TMR,130.15,51.89,51.15,1415.25,564.26,556.19
2023-01-14,11,2,TMR,85.35,34.03,33.54,1266.7,505.02,497.82
2023-01-14,11,3,CTRL,54.5,48.52,46.98,653.64,581.93,563.45
2023-01-14,11,4,CTRL,52.4,46.65,45.17,679.14,604.65,585.43
2023-01-14,11,5,TMR,93.45,37.26,36.73,1508.7,601.52,592.92
2023-01-15,12,2,TMR,120.15,47.9,47.22,1386.85,552.92,545.04
2023-01-15,12,3,CTRL,54.4,48.43,46.89,708.04,630.36,610.34
2023-01-15,12,4,CTRL,57.8,51.46,49.82,736.94,656.11,635.25
2023-01-15,12,5,TMR,119.35,47.58,46.9,1628.05,649.1,639.82
2023-01-16,13,2,TMR,102.8,40.98,40.4,1489.65,593.9,585.44
2023-01-16,13,3,CTRL,55.8,49.68,48.1,763.84,680.04,658.44
2023-01-16,13,4,CTRL,54.6,48.61,47.07,791.54,704.72,682.32
2023-01-16,13,5,TMR,103.5,41.26,40.68,1731.55,690.36,680.5
2023-01-17,14,2,TMR,96.8,38.6,38.04,1586.45,632.5,623.48
2023-01-17,14,3,CTRL,51.0,45.4,43.96,814.84,725.44,702.4
2023-01-17,14,4,CTRL,54.2,48.26,46.72,845.74,752.98,729.04
2023-01-17,14,5,TMR,103.6,41.3,40.71,1835.15,731.66,721.21
2023-01-18,15,2,TMR,104.1,41.5,40.91,1690.55,674.0,664.39
2023-01-18,15,3,CTRL,52.0,46.3,44.82,866.84,771.74,747.22
2023-01-18,15,4,CTRL,52.7,46.92,45.43,898.44,799.9,774.47
2023-01-18,15,5,TMR,110.2,43.94,43.31,1945.35,775.6,764.52
2023-01-19,16,2,TMR,92.1,36.72,36.2,1782.65,710.72,700.59
2023-01-19,16,3,CTRL,57.8,51.46,49.82,924.64,823.2,797.04
2023-01-19,16,4,CTRL,55.2,49.14,47.58,953.64,849.04,822.05
2023-01-19,16,5,TMR,129.1,51.47,50.74,2074.45,827.07,815.26
2023-01-20,17,2,TMR,97.9,39.04,38.47,1880.55,749.76,739.06
2023-01-20,17,3,CTRL,57.0,50.74,49.13,981.64,873.94,846.17
2023-01-20,17,4,CTRL,53.6,47.72,46.2,1007.24,896.76,868.25
2023-01-20,17,5,TMR,111.9,44.62,43.98,2186.35,871.69,859.24
2023-01-21,18,2,TMR,99.1,39.51,38.95,1979.65,789.27,778.01
2023-01-21,18,3,CTRL,57.58,51.26,49.63,1039.22,925.2,895.8
2023-01-21,18,4,CTRL,56.18,50.02,48.43,1063.42,946.78,916.68
2023-01-21,18,5,TMR,114.1,45.49,44.84,2300.45,917.18,904.08
2023-01-22,19,2,TMR,98.95,39.45,38.89,2078.6,828.72,816.9
2023-01-22,19,3,CTRL,54.28,48.32,46.79,1093.5,973.52,942.59
2023-01-22,19,4,CTRL,50.58,45.03,43.6,1114.0,991.81,960.28
2023-01-22,19,5,TMR,127.75,50.93,50.21,2428.2,968.11,954.29
2023-01-23,20,2,TMR,104.2,41.54,40.95,2182.8,870.26,857.85
2023-01-23,20,3,CTRL,66.69,59.38,57.49,1160.19,1032.9,1000.08
2023-01-23,20,4,CTRL,66.99,59.64,57.75,1180.99,1051.45,1018.03
2023-01-23,20,5,TMR,131.9,52.59,51.84,2560.1,1020.7,1006.13
2023-01-24,21,2,TMR,77.8,31.02,30.58,2260.6,901.28,888.43
2023-01-24,21,3,CTRL,53.05,47.23,45.73,1213.24,1080.13,1045.81
2023-01-24,21,4,CTRL,59.75,53.19,51.5,1240.74,1104.64,1069.53
2023-01-24,21,5,TMR,85.7,34.17,33.68,2645.8,1054.87,1039.81
2023-01-25,22,2,TMR,95.7,38.16,37.61,2356.3,939.44,926.04
2023-01-25,22,3,CTRL,52.65,46.88,45.38,1265.89,1127.01,1091.19
2023-01-25,22,4,CTRL,58.75,52.3,50.64,1299.49,1156.94,1120.17
2023-01-25,22,5,TMR,116.4,46.41,45.75,2762.2,1101.28,1085.56
2023-01-26,23,2,TMR,122.8,48.96,48.26,2479.1,988.4,974.3
2023-01-26,23,3,CTRL,61.95,55.16,53.4,1327.84,1182.17,1144.59
2023-01-26,23,4,CTRL,70.05,62.36,60.38,1369.54,1219.3,1180.55
2023-01-26,23,5,TMR,110.2,43.94,43.31,2872.4,1145.22,1128.87
2023-01-27,24,2,TMR,104.4,41.62,41.03,2583.5,1030.02,1015.33
2023-01-27,24,3,CTRL,55.25,49.19,47.63,1383.09,1231.36,1192.22
2023-01-27,24,4,CTRL,59.65,53.1,51.42,1429.19,1272.4,1231.97
2023-01-27,24,5,TMR,106.0,42.26,41.66,2978.4,1187.48,1170.53
2023-01-28,25,2,TMR,112.1,44.7,44.06,2695.6,1074.72,1059.39
2023-01-28,25,3,CTRL,62.55,55.69,53.92,1445.64,1287.05,1246.14
2023-01-28,25,4,CTRL,65.15,58.0,56.16,1494.34,1330.4,1288.13
2023-01-28,25,5,TMR,129.3,51.55,50.81,3107.7,1239.03,1221.34
2023-01-29,26,2,TMR,110.0,43.86,43.23,2805.6,1118.58,1102.62
2023-01-29,26,3,CTRL,56.4,50.22,48.62,1502.04,1337.27,1294.76
2023-01-29,26,4,CTRL,63.0,56.09,54.31,1557.34,1386.49,1342.44
2023-01-29,26,5,TMR,118.4,47.21,46.53,3226.1,1286.24,1267.87
2023-01-30,27,2,TMR,121.45,48.42,47.73,2927.05,1167.0,1150.35
2023-01-30,27,3,CTRL,50.6,45.05,43.62,1552.64,1382.32,1338.38
2023-01-30,27,4,CTRL,64.8,57.69,55.86,1622.14,1444.18,1398.3
2023-01-30,27,5,TMR,119.65,47.7,47.02,3345.75,1333.94,1314.89
2023-01-31,28,2,TMR,106.4,42.42,41.82,3033.45,1209.42,1192.17
2023-01-31,28,3,CTRL,59.6,53.06,51.38,1612.24,1435.38,1389.76
2023-01-31,28,4,CTRL,62.4,55.56,53.79,1684.54,1499.74,1452.09
2023-01-31,28,5,TMR,128.6,51.28,50.54,3474.35,1385.22,1365.43
2023-02-01,29,2,TMR,111.4,44.41,43.78,3144.85,1253.83,1235.95
2023-02-01,29,3,CTRL,54.5,48.52,46.98,1666.74,1483.9,1436.74
2023-02-01,29,4,CTRL,57.3,51.02,49.39,1741.84,1550.76,1501.48
2023-02-01,29,5,TMR,108.2,43.14,42.52,3582.55,1428.36,1407.95
2023-02-02,30,2,TMR,75.8,30.22,29.79,3220.65,1284.05,1265.74
2023-02-02,30,3,CTRL,52.3,46.57,45.08,1719.04,1530.47,1481.82
2023-02-02,30,4,CTRL,57.1,50.84,49.22,1798.94,1601.6,1550.7
2023-02-02,30,5,TMR,71.4,28.46,28.06,3653.95,1456.82,1436.01
2023-02-03,31,2,TMR,94.8,37.8,37.26,3315.45,1321.85,1303.0
2023-02-03,31,3,CTRL,61.2,54.48,52.75,1780.24,1584.95,1534.57
2023-02-03,31,4,CTRL,64.9,57.78,55.94,1863.84,1659.38,1606.64
2023-02-03,31,5,TMR,105.6,42.1,41.5,3759.55,1498.92,1477.51
2023-02-04,32,2,TMR,75.9,30.26,29.83,3391.35,1352.11,1332.83
2023-02-04,32,3,CTRL,56.95,50.7,49.09,1837.19,1635.65,1583.66
2023-02-04,32,4,CTRL,61.95,55.16,53.4,1925.79,1714.54,1660.04
2023-02-04,32,5,TMR,100.5,40.07,39.5,3860.05,1538.99,1517.01
2023-02-05,33,2,TMR,100.1,39.91,39.34,3491.45,1392.02,1372.17
2023-02-05,33,3,CTRL,54.35,48.39,46.85,1891.54,1684.04,1630.51
2023-02-05,33,4,CTRL,61.35,54.62,52.88,1987.14,1769.16,1712.92
2023-02-05,33,5,TMR,105.4,42.02,41.42,3965.45,1581.01,1558.43
2023-02-06,34,2,TMR,115.3,45.97,45.31,3606.75,1437.99,1417.48
2023-02-06,34,3,CTRL,54.95,48.92,47.37,1946.49,1732.96,1677.88
2023-02-06,34,4,CTRL,54.85,48.83,47.28,2041.99,1817.99,1760.2
2023-02-06,34,5,TMR,97.5,38.88,38.32,4062.95,1619.89,1596.75
2023-02-07,35,2,TMR,92.05,36.7,36.18,3698.8,1474.69,1453.66
2023-02-07,35,3,CTRL,63.4,56.44,54.65,2009.89,1789.4,1732.53
2023-02-07,35,4,CTRL,65.2,58.05,56.2,2107.19,1876.04,1816.4
2023-02-07,35,5,TMR,101.95,40.64,40.07,4164.9,1660.53,1636.82
2023-02-08,36,2,TMR,112.0,44.65,44.02,3810.8,1519.34,1497.68
2023-02-08,36,3,CTRL,53.3,47.46,45.94,2063.19,1836.86,1778.47
2023-02-08,36,4,CTRL,67.5,60.1,58.18,2174.69,1936.14,1874.58
2023-02-08,36,5,TMR,103.0,41.06,40.48,4267.9,1701.59,1677.3
2023-02-09,37,2,TMR,105.1,41.9,41.3,3915.9,1561.24,1538.98
2023-02-09,37,3,CTRL,54.7,48.7,47.15,2117.89,1885.56,1825.62
2023-02-09,37,4,CTRL,63.1,56.18,54.39,2237.79,1992.32,1928.97
2023-02-09,37,5,TMR,96.0,38.28,37.73,4363.9,1739.87,1715.03
2023-02-10,38,2,TMR,109.7,43.74,43.11,4025.6,1604.98,1582.09
2023-02-10,38,3,CTRL,57.7,51.37,49.74,2175.59,1936.93,1875.36
2023-02-10,38,4,CTRL,62.3,55.46,53.7,2300.09,2047.78,1982.67
2023-02-10,38,5,TMR,98.1,39.11,38.55,4462.0,1778.98,1753.58
2023-02-11,39,2,TMR,125.0,49.84,49.12,4150.6,1654.82,1631.21
2023-02-11,39,3,CTRL,60.6,53.95,52.24,2236.19,1990.88,1927.6
2023-02-11,39,4,CTRL,71.0,63.21,61.2,2371.09,2110.99,2043.87
2023-02-11,39,5,TMR,110.2,43.94,43.31,4572.2,1822.92,1796.89
2023-02-12,40,2,TMR,109.1,43.5,42.88,4259.7,1698.32,1674.09
2023-02-12,40,3,CTRL,59.0,52.53,50.86,2295.19,2043.41,1978.46
2023-02-12,40,4,CTRL,65.0,57.87,56.03,2436.09,2168.86,2099.9
2023-02-12,40,5,TMR,105.6,42.1,41.5,4677.8,1865.02,1838.39
2023-02-13,41,2,TMR,106.15,42.32,41.72,4365.85,1740.64,1715.81
2023-02-13,41,3,CTRL,62.2,55.38,53.62,2357.39,2098.79,2032.08
2023-02-13,41,4,CTRL,62.9,56.0,54.22,2498.99,2224.86,2154.12
2023-02-13,41,5,TMR,118.65,47.3,46.63,4796.45,1912.32,1885.02
2023-02-14,42,2,TMR,116.15,46.31,45.65,4482.0,1786.95,1761.46
2023-02-14,42,3,CTRL,62.2,55.38,53.62,2419.59,2154.17,2085.7
2023-02-14,42,4,CTRL,61.9,55.11,53.36,2560.89,2279.97,2207.48
2023-02-14,42,5,TMR,110.35,44.0,43.37,4906.8,1956.32,1928.39
2023-02-15,43,2,TMR,115.75,46.15,45.49,4597.75,1833.1,1806.95
2023-02-15,43,3,CTRL,65.5,58.32,56.46,2485.09,2212.49,2142.16
2023-02-15,43,4,CTRL,63.4,56.44,54.65,2624.29,2336.41,2262.13
2023-02-15,43,5,TMR,131.35,52.37,51.62,5038.15,2008.69,1980.01
2023-02-16,44,2,TMR,112.05,44.68,44.04,4709.8,1877.78,1850.99
2023-02-16,44,3,CTRL,63.3,56.36,54.56,2548.39,2268.85,2196.72
2023-02-16,44,4,CTRL,55.6,49.5,47.93,2679.89,2385.91,2310.06
2023-02-16,44,5,TMR,96.25,38.38,37.83,5134.4,2047.07,2017.84
2023-02-17,45,2,TMR,120.25,47.94,47.26,4830.05,1925.72,1898.25
2023-02-17,45,3,CTRL,61.8,55.02,53.27,2610.19,2323.87,2249.99
2023-02-17,45,4,CTRL,58.3,51.9,50.25,2738.19,2437.81,2360.31
2023-02-17,45,5,TMR,125.65,50.1,49.38,5260.05,2097.17,2067.22
2023-02-18,46,2,TMR,115.35,45.99,45.33,4945.4,1971.71,1943.58
2023-02-18,46,3,CTRL,62.9,56.0,54.22,2673.09,2379.87,2304.21
2023-02-18,46,4,CTRL,60.3,53.68,51.98,2798.49,2491.49,2412.29
2023-02-18,46,5,TMR,115.95,46.23,45.57,5376.0,2143.4,2112.79
2023-02-19,47,2,TMR,125.15,49.9,49.18,5070.55,2021.61,1992.76
2023-02-19,47,3,CTRL,65.4,58.22,56.37,2738.49,2438.09,2360.58
2023-02-19,47,4,CTRL,63.5,56.54,54.74,2861.99,2548.03,2467.03
2023-02-19,47,5,TMR,125.75,50.14,49.42,5501.75,2193.54,2162.21
2023-02-20,48,2,TMR,117.25,46.75,46.08,5187.8,2068.36,2038.84
2023-02-20,48,3,CTRL,66.3,59.02,57.15,2804.79,2497.11,2417.73
2023-02-20,48,4,CTRL,64.8,57.69,55.86,2926.79,2605.72,2522.89
2023-02-20,48,5,TMR,103.15,41.12,40.54,5604.9,2234.66,2202.75
2023-02-21,49,2,TMR,116.75,46.55,45.88,5304.55,2114.91,2084.72
2023-02-21,49,3,CTRL,60.4,53.78,52.06,2865.19,2550.89,2469.79
2023-02-21,49,4,CTRL,61.9,55.11,53.36,2988.69,2660.83,2576.25
2023-02-21,49,5,TMR,110.65,44.12,43.49,5715.55,2278.78,2246.24
2023-02-22,50,2,TMR,121.65,48.5,47.81,5426.2,2163.41,2132.53
2023-02-22,50,3,CTRL,64.1,57.07,55.25,2929.29,2607.96,2525.04
2023-02-22,50,4,CTRL,63.4,56.44,54.65,3052.09,2717.27,2630.9
2023-02-22,50,5,TMR,100.65,40.13,39.56,5816.2,2318.91,2285.8
2023-02-23,51,2,TMR,123.05,49.06,48.36,5549.25,2212.47,2180.89
2023-02-23,51,3,CTRL,72.5,64.54,62.5,3001.79,2672.5,2587.54
2023-02-23,51,4,CTRL,72.9,64.9,62.84,3124.99,2782.17,2693.74
2023-02-23,51,5,TMR,110.15,43.92,43.29,5926.35,2362.83,2329.09
2023-02-24,52,2,TMR,127.3,50.76,50.03,5676.55,2263.23,2230.92
2023-02-24,52,3,CTRL,72.0,64.1,62.06,3073.79,2736.6,2649.6
2023-02-24,52,4,CTRL,77.4,68.91,66.72,3202.39,2851.08,2760.46
2023-02-24,52,5,TMR,110.0,43.86,43.23,6036.35,2406.69,2372.32
2023-02-25,53,2,TMR,130.95,52.21,51.46,5807.5,2315.44,2282.38
2023-02-25,53,3,CTRL,65.7,58.5,56.63,3139.49,2795.1,2706.23
2023-02-25,53,4,CTRL,67.15,59.78,57.88,3269.54,2910.86,2818.34
2023-02-25,53,5,TMR,120.9,48.2,47.51,6157.25,2454.89,2419.83
2023-02-26,54,2,TMR,113.7,45.33,44.68,5921.2,2360.77,2327.06
2023-02-26,54,3,CTRL,66.9,59.56,57.67,3206.39,2854.66,2763.9
2023-02-26,54,4,CTRL,65.8,58.58,56.72,3335.34,2969.44,2875.06
2023-02-26,54,5,TMR,116.6,46.49,45.82,6273.85,2501.38,2465.65
2023-02-27,55,2,TMR,113.7,45.33,44.68,6034.9,2406.1,2371.74
2023-02-27,55,3,CTRL,66.9,59.56,57.67,3273.29,2914.22,2821.57
2023-02-27,55,4,CTRL,65.8,58.58,56.72,3401.14,3028.02,2931.78
2023-02-27,55,5,TMR,116.6,46.49,45.82,6390.45,2547.87,2511.47
2023-02-28,56,2,TMR,99.3,39.59,39.02,6134.2,2445.69,2410.76
2023-02-28,56,3,CTRL,66.8,59.47,57.58,3340.09,2973.69,2879.15
2023-02-28,56,4,CTRL,64.0,56.98,55.17,3465.14,3085.0,2986.95
2023-02-28,56,5,TMR,133.8,53.34,52.58,6524.25,2601.21,2564.05
2023-03-01,57,2,TMR,105.8,42.18,41.58,6240.0,2487.87,2452.34
2023-03-01,57,3,CTRL,65.2,58.05,56.2,3405.29,3031.74,2935.35
2023-03-01,57,4,CTRL,67.8,60.36,58.44,3532.94,3145.36,3045.39
2023-03-01,57,5,TMR,131.7,52.51,51.76,6655.95,2653.72,2615.81
2023-03-02,58,2,TMR,122.2,48.72,48.02,6362.2,2536.59,2500.36
2023-03-02,58,3,CTRL,64.2,57.15,55.34,3469.49,3088.89,2990.69
2023-03-02,58,4,CTRL,64.2,57.15,55.34,3597.14,3202.51,3100.73
2023-03-02,58,5,TMR,109.6,43.7,43.07,6765.55,2697.42,2658.88
2023-03-03,59,2,TMR,108.5,43.26,42.64,6470.7,2579.85,2543.0
2023-03-03,59,3,CTRL,64.0,56.98,55.17,3533.49,3145.87,3045.86
2023-03-03,59,4,CTRL,65.7,58.5,56.63,3662.84,3261.01,3157.36
2023-03-03,59,5,TMR,135.8,54.14,53.37,6901.35,2751.56,2712.25
2023-03-04,60,2,TMR,123.8,49.36,48.65,6594.5,2629.21,2591.65
2023-03-04,60,3,CTRL,69.0,61.43,59.48,3602.49,3207.3,3105.34
2023-03-04,60,4,CTRL,76.3,67.93,65.77,3739.14,3328.94,3223.13
2023-03-04,60,5,TMR,136.6,54.46,53.68,7037.95,2806.02,2765.93
2023-03-05,61,2,TMR,123.8,49.36,48.65,6718.3,2678.57,2640.3
2023-03-05,61,3,CTRL,69.0,61.43,59.48,3671.49,3268.73,3164.82
2023-03-05,61,4,CTRL,76.3,67.93,65.77,3815.44,3396.87,3288.9
2023-03-05,61,5,TMR,136.6,54.46,53.68,7174.55,2860.48,2819.61
2023-03-06,62,2,TMR,114.8,45.77,45.12,6833.1,2724.34,2685.42
2023-03-06,62,3,CTRL,75.3,67.04,64.91,3746.79,3335.77,3229.73
2023-03-06,62,4,CTRL,63.6,56.62,54.82,3879.04,3453.49,3343.72
2023-03-06,62,5,TMR,133.1,53.06,52.31,7307.65,2913.54,2871.92
2023-03-07,63,2,TMR,114.8,45.77,45.12,6947.9,2770.11,2730.54
2023-03-07,63,3,CTRL,75.3,67.04,64.91,3822.09,3402.81,3294.64
2023-03-07,63,4,CTRL,63.6,56.62,54.82,3942.64,3510.11,3398.54
2023-03-07,63,5,TMR,133.1,53.06,52.31,7440.75,2966.6,2924.23
2023-03-08,64,2,TMR,123.9,49.4,48.69,7071.8,2819.51,2779.23
2023-03-08,64,3,CTRL,59.1,52.61,50.94,3881.19,3455.42,3345.58
2023-03-08,64,4,CTRL,69.7,62.06,60.08,4012.34,3572.17,3458.62
2023-03-08,64,5,TMR,143.5,57.22,56.4,7584.25,3023.82,2980.63
2023-03-09,65,2,TMR,141.3,56.33,55.53,7213.1,2875.84,2834.76
2023-03-09,65,3,CTRL,60.2,53.6,51.89,3941.39,3509.02,3397.47
2023-03-09,65,4,CTRL,64.4,57.34,55.51,4076.74,3629.51,3514.13
2023-03-09,65,5,TMR,127.6,50.88,50.15,7711.85,3074.7,3030.78
2023-03-10,66,2,TMR,124.4,49.6,48.89,7337.5,2925.44,2883.65
2023-03-10,66,3,CTRL,62.6,55.74,53.96,4003.99,3564.76,3451.43
2023-03-10,66,4,CTRL,75.5,67.22,65.08,4152.24,3696.73,3579.21
2023-03-10,66,5,TMR,143.2,57.1,56.28,7855.05,3131.8,3087.06
2023-03-11,67,2,TMR,129.4,51.59,50.85,7466.9,2977.03,2934.5
2023-03-11,67,3,CTRL,69.9,62.23,60.25,4073.89,3626.99,3511.68
2023-03-11,67,4,CTRL,70.6,62.86,60.86,4222.84,3759.59,3640.07
2023-03-11,67,5,TMR,138.4,55.18,54.39,7993.45,3186.98,3141.45
2023-03-12,68,2,TMR,138.45,55.2,54.41,7605.35,3032.23,2988.91
2023-03-12,68,3,CTRL,57.65,51.32,49.69,4131.54,3678.31,3561.37
2023-03-12,68,4,CTRL,68.35,60.85,58.92,4291.19,3820.44,3698.99
2023-03-12,68,5,TMR,141.45,56.4,55.59,8134.9,3243.38,3197.04
2023-03-13,69,2,TMR,111.3,44.38,43.74,7716.65,3076.61,3032.65
2023-03-13,69,3,CTRL,60.8,54.13,52.41,4192.34,3732.44,3613.78
2023-03-13,69,4,CTRL,70.7,62.94,60.94,4361.89,3883.38,3759.93
2023-03-13,69,5,TMR,125.1,49.88,49.16,8260.0,3293.26,3246.2
2023-03-14,70,2,TMR,111.3,44.38,43.74,7827.95,3120.99,3076.39
2023-03-14,70,3,CTRL,60.8,54.13,52.41,4253.14,3786.57,3666.19
2023-03-14,70,4,CTRL,70.7,62.94,60.94,4432.59,3946.32,3820.87
2023-03-14,70,5,TMR,125.1,49.88,49.16,8385.1,3343.14,3295.36
2023-03-15,71,2,TMR,136.2,54.31,53.53,7964.15,3175.3,3129.92
2023-03-15,71,3,CTRL,64.3,57.24,55.43,4317.44,3843.81,3721.62
2023-03-15,71,4,CTRL,60.7,54.04,52.32,4493.29,4000.36,3873.19
2023-03-15,71,5,TMR,141.2,56.3,55.49,8526.3,3399.44,3350.85
2023-03-16,72,2,TMR,143.8,57.34,56.51,8107.95,3232.64,3186.43
2023-03-16,72,3,CTRL,72.3,64.37,62.32,4389.74,3908.18,3783.94
2023-03-16,72,4,CTRL,60.6,53.95,52.24,4553.89,4054.31,3925.43
2023-03-16,72,5,TMR,146.4,58.37,57.54,8672.7,3457.81,3408.39
2023-03-17,73,2,TMR,133.3,53.14,52.39,8241.25,3285.78,3238.82
2023-03-17,73,3,CTRL,65.1,57.96,56.12,4454.84,3966.14,3840.06
2023-03-17,73,4,CTRL,60.4,53.78,52.06,4614.29,4108.09,3977.49
2023-03-17,73,5,TMR,140.5,56.02,55.22,8813.2,3513.83,3463.61
2023-03-18,74,2,TMR,138.2,55.1,54.31,8379.45,3340.88,3293.13
2023-03-18,74,3,CTRL,65.3,58.14,56.29,4520.14,4024.28,3896.35
2023-03-18,74,4,CTRL,58.1,51.72,50.08,4672.39,4159.81,4027.57
2023-03-18,74,5,TMR,136.3,54.34,53.57,8949.5,3568.17,3517.18
2023-03-19,75,2,TMR,123.3,49.16,48.46,8502.75,3390.04,3341.59
2023-03-19,75,3,CTRL,65.4,58.22,56.37,4585.54,4082.5,3952.72
2023-03-19,75,4,CTRL,63.6,56.62,54.82,4735.99,4216.43,4082.39
2023-03-19,75,5,TMR,133.7,53.3,52.54,9083.2,3621.47,3569.72
2023-03-20,76,2,TMR,143.2,57.1,56.28,8645.95,3447.14,3397.87
2023-03-20,76,3,CTRL,66.3,59.02,57.15,4651.84,4141.52,4009.87
2023-03-20,76,4,CTRL,66.8,59.47,57.58,4802.79,4275.9,4139.97
2023-03-20,76,5,TMR,144.5,57.61,56.79,9227.7,3679.08,3626.51
2023-03-21,77,2,TMR,145.5,58.01,57.18,8791.45,3505.15,3455.05
2023-03-21,77,3,CTRL,67.8,60.36,58.44,4719.64,4201.88,4068.31
2023-03-21,77,4,CTRL,65.9,58.67,56.81,4868.69,4334.57,4196.78
2023-03-21,77,5,TMR,123.0,49.04,48.34,9350.7,3728.12,3674.85
2023-03-22,78,2,TMR,140.1,55.86,55.06,8931.55,3561.01,3510.11
2023-03-22,78,3,CTRL,64.5,57.42,55.6,4784.14,4259.3,4123.91
2023-03-22,78,4,CTRL,67.6,60.18,58.27,4936.29,4394.75,4255.05
2023-03-22,78,5,TMR,126.3,50.36,49.64,9477.0,3778.48,3724.49
2023-03-23,79,2,TMR,131.8,52.55,51.8,9063.35,3613.56,3561.91
2023-03-23,79,3,CTRL,60.4,53.78,52.06,4844.54,4313.08,4175.97
2023-03-23,79,4,CTRL,68.9,61.34,59.39,5005.19,4456.09,4314.44
2023-03-23,79,5,TMR,108.3,43.18,42.56,9585.3,3821.66,3767.05
2023-03-24,80,2,TMR,151.2,60.28,59.42,9214.55,3673.84,3621.33
2023-03-24,80,3,CTRL,65.8,58.58,56.72,4910.34,4371.66,4232.69
2023-03-24,80,4,CTRL,65.4,58.22,56.37,5070.59,4514.31,4370.81
2023-03-24,80,5,TMR,124.1,49.48,48.77,9709.4,3871.14,3815.82
2023-03-25,81,2,TMR,136.6,54.46,53.68,9351.15,3728.3,3675.01
2023-03-25,81,3,CTRL,64.1,57.07,55.25,4974.44,4428.73,4287.94
2023-03-25,81,4,CTRL,73.0,64.99,62.93,5143.59,4579.3,4433.74
2023-03-25,81,5,TMR,107.1,42.7,42.09,9816.5,3913.84,3857.91
2023-03-26,82,2,TMR,142.55,56.84,56.02,9493.7,3785.14,3731.03
2023-03-26,82,3,CTRL,64.95,57.82,55.99,5039.39,4486.55,4343.93
2023-03-26,82,4,CTRL,69.3,61.7,59.74,5212.89,4641.0,4493.48
2023-03-26,82,5,TMR,123.0,49.04,48.34,9939.5,3962.88,3906.25
2023-03-27,83,2,TMR,142.55,56.84,56.02,9636.25,3841.98,3787.05
2023-03-27,83,3,CTRL,64.95,57.82,55.99,5104.34,4544.37,4399.92
2023-03-27,83,4,CTRL,69.3,61.7,59.74,5282.19,4702.7,4553.22
2023-03-27,83,5,TMR,123.0,49.04,48.34,10062.5,4011.92,3954.59
